Filename,vehicleBrand,vehicleModel,vehicleVariant,vehicleType,registrationNumber,productionDate,mileageFromOdometer,vehicleTransmission,fuelType,drivetrain,basePrice,fuelConsumptionCombined,emissionsCO2,companyName,companyLocation,sellerType,locationCity,locationRegion
15369053.html,BMW,318,Station Wagon,Car,IYV 164,2008,384000,Manual,Diesel,Rear wheel,6000,0.0,,,,Seller,Oulu,Pohjois-Pohjanmaa
15372536.html,Volkswagen,Golf Plus,Hatchback,Car,BTY-320,2010,301000,Automatic,Petrol,Front wheel,2200,0.0,146,Ayman mohamed,Karkkila,Dealer,Karkkila,Uusimaa
15378174.html,Renault,Megane,Hatchback,Car,MVF-688,2003,141000,Manual,Petrol,Front wheel,1990,0.0,161,Autoliike Häyrinen Oy,Mänttä-Vilppula,Dealer,Mänttä-Vilppula,Pirkanmaa
15365370.html,TruckMasters,OX 4x4,Pickup,Light truck,GPY-689,2024,32000,Automatic,Diesel,Four wheel,68900,9.8,259,K-Auto Tampere,Tampere,Dealer,Tampere,Pirkanmaa
15374345.html,Ford,Escort,Sedan,Car,AK-76,1971,,Manual,Petrol,Rear wheel,6800,0.0,,,,Seller,Pori,Satakunta
15363654.html,Volkswagen,Crafter,Long - High,Van,ZJO-848,2013,226000,Manual,Diesel,Rear wheel,16500,0.0,221,,,Seller,Helsinki,Uusimaa
15377389.html,Skoda,Octavia,Station Wagon,Car,INC-976,2014,199000,Automatic,Petrol,Front wheel,9790,5.0,115,"Rinta-Joupin Autoliike, Joensuu",Joensuu,Dealer,Joensuu,Pohjois-Karjala
15372298.html,Toyota,Prius,Hatchback,Car,FJM-386,2009,304000,Automatic,Hybrid (petrol/electric),Front wheel,6500,3.9,89,Kamux Raisio,Turku,Dealer,Turku,Varsinais-Suomi
15376345.html,Volkswagen,Taigo,Hatchback,Car,GPJ-289,2023,43000,Manual,Petrol,Front wheel,18490,5.7,123,Hedin Automotive Forssa,Forssa,Dealer,Forssa,Kanta-Häme
15376738.html,Seat,Leon,Hatchback,Car,ENT-979,2016,152000,Automatic,Petrol,Front wheel,12900,5.7,129,Autotalo Järvi,Porvoo,Dealer,Porvoo,Uusimaa
15368013.html,Toyota,Yaris Cross,All-terrain SUV,Car,FSN-978,2022,75000,Automatic,Hybrid (petrol/electric),Front wheel,24950,5.1,101,Maakunnan Auto,Seinäjoki,Dealer,Seinäjoki,Etelä-Pohjanmaa
15366779.html,Peugeot,208,Hatchback,Car,BVU-930,2022,91000,Automatic,Petrol,Front wheel,12880,5.8,122,Auto Bassadone Vantaa,Vantaa,Dealer,Vantaa,Uusimaa
15364955.html,Kia,Ceed,Station Wagon,Car,NLK-191,2019,109000,Manual,Petrol,Front wheel,13750,6.7,153,Menoauto Imatra,Imatra,Dealer,Imatra,Etelä-Karjala
15375773.html,Land Rover,Freelander,All-terrain SUV,Car,JCK-32,2004,246000,Automatic,Diesel,Four wheel,1350,0.0,240,,,Seller,Salo,Varsinais-Suomi
15378166.html,Toyota,Yaris,Hatchback,Car,BSY-875,2009,315000,Manual,Petrol,Front wheel,2750,0.0,120,,,Seller,Honkajoki,Satakunta
15372945.html,Volvo,XC90,All-terrain SUV,Car,CNH-399,2016,282000,Automatic,Diesel,Four wheel,28990,5.8,152,Kamux Kotka,Kotka,Dealer,Kotka,Kymenlaakso
15368007.html,BMW,530,Station Wagon,Car,YYG-577,2025,,Automatic,Hybrid (petrol/electric),Four wheel,75241,0.8,19,BMW Suomi,,Dealer,Vantaa,Uusimaa
15376968.html,Subaru,Legacy,Sedan,Car,RRH-490,2004,137000,Automatic,Petrol,Four wheel,8890,0.0,,BM Myynti,Mäntsälä,Dealer,Mäntsälä,Uusimaa
15365592.html,Ford,Kuga,All-terrain SUV,Car,JMJ-306,2021,53000,Automatic,Hybrid (petrol/electric),Four wheel,28890,6.3,131,"Autokeskus Oy, Airport",Vantaa,Dealer,Vantaa,Uusimaa
15375903.html,Honda,CR-V,All-terrain SUV,Car,GFP-472,2003,295750,Manual,Petrol,Four wheel,3200,0.0,216,,,Seller,Ikaalinen,Pirkanmaa
15369972.html,Tesla,Model Y,All-terrain SUV,Car,EVS-863,2021,27000,Automatic,Electric,Four wheel,35380,0.0,,Carstore Tampere,Tampere,Dealer,Tampere,Pirkanmaa
15375690.html,BMW,116,Hatchback,Car,CGZ-157,2008,215500,Manual,Petrol,Rear wheel,2490,6.8,139,,,Seller,Oulu,Pohjois-Pohjanmaa
15376105.html,Mercedes-Benz,C,Sedan,Car,JJF-863,2014,202000,Automatic,Petrol,Rear wheel,19900,5.5,127,K-Auto Turku Vaihtoautot,Turku,Dealer,Turku,Varsinais-Suomi
15360213.html,Mercedes-Benz,250,Station Wagon,Car,HZZ-576,1992,669500,Manual,Diesel,Rear wheel,6500,0.0,,,,Seller,Siilinjärvi,Pohjois-Savo
15365227.html,Mercedes-Benz,C,Station Wagon,Car,KVZ-661,2020,142000,Automatic,Hybrid (petrol/electric),Rear wheel,24990,1.6,36,Hedin Automotive Järvenpää,Järvenpää,Dealer,Järvenpää,Uusimaa
15376107.html,Opel,Astra,Hatchback,Car,JIJ-535,2015,58000,Manual,Petrol,Front wheel,10400,5.5,129,K-Auto Tampere,Tampere,Dealer,Tampere,Pirkanmaa
15367105.html,Volkswagen,Polo,Hatchback,Car,GOE-676,2020,67000,Manual,Petrol,Front wheel,13890,6.2,127,Kamux Espoo Niittykumpu,Espoo,Dealer,Espoo,Uusimaa
15375186.html,Ford,Granada,Sedan,Car,ZLN-436,1977,,Manual,Petrol,Rear wheel,3590,0.0,,Jarno Laitinen,Pieksämäki,Dealer,Pieksämäki,Etelä-Savo
15368495.html,MINI,Countryman,All-terrain SUV,Car,KVA-110,2023,40000,Automatic,Hybrid (petrol/electric),Four wheel,36800,2.1,43,Hedin Automotive BMW Helsinki,Helsinki,Dealer,Helsinki,Uusimaa
15370090.html,Toyota,Camry,Sedan,Car,YKR-529,2021,95000,Automatic,Hybrid (petrol/electric),Front wheel,27900,5.5,125,LänsiAuto Turku,Raisio,Dealer,Turku,Varsinais-Suomi
15359934.html,Toyota,Yaris,Hatchback,Car,YKH-607,2018,142000,Manual,Petrol,Front wheel,11900,6.2,107,Oy WB-Auto Ab,Kruunupyy,Dealer,Kruunupyy,Pohjanmaa
15372184.html,Maxus,Euniq 6,MPV,Car,ZOL-405,2023,35000,Automatic,Electric,Front wheel,23390,0.0,,Autokeskus Oy Tampere,Tampere,Dealer,Tampere,Pirkanmaa
15375132.html,Audi,A3,Coupé,Car,ABZ-785,2009,108000,Automatic,Petrol,Front wheel,6490,5.9,133,VT AUTOSTYLE,Kangasala,Dealer,Kangasala,Pirkanmaa
15373640.html,Toyota,Corolla,Hatchback,Car,NFS-400,2004,315000,Manual,Petrol,Front wheel,2900,7.0,168,Sara-Auto Oulu,Oulu,Dealer,Oulu,Pohjois-Pohjanmaa
15371884.html,Volkswagen,Beetle,Hatchback,Car,JIY-984,2013,92000,Automatic,Petrol,Front wheel,13600,5.9,137,Käyttöauto Oy Vaasa,Vaasa,Dealer,Vaasa,Pohjanmaa
15374430.html,Toyota,Avensis,Station Wagon,Car,XVB-229,2004,342000,Manual,Petrol,Front wheel,2200,0.0,172,,,Seller,Rauma,Satakunta
15365002.html,Nissan,X-Trail,All-terrain SUV,Car,XOL-898,2018,150000,Automatic,Diesel,Four wheel,21450,6.1,162,LänsiAuto Espoo,Espoo,Dealer,Espoo,Uusimaa
15370770.html,Ford,Transit Custom,Other,Van,E-2304,2025,60,Automatic,Electric,Rear wheel,49990,0.0,,Etelä-Suomen Autotalo Oy,Lahti,Dealer,Lahti,Päijät-Häme
15370999.html,Volkswagen,Caravelle,Long - Low,Van,ZHI-716,2005,550000,Manual,Diesel,Front wheel,4900,7.5,,,,Seller,Vantaa,Uusimaa
15369891.html,Skoda,Octavia,Station Wagon,Car,MLV-945,2014,148000,Manual,Petrol,Front wheel,11900,5.1,117,J. Rinta-Jouppi Jyväskylä,Jyväskylä,Dealer,Jyväskylä,Keski-Suomi
15373162.html,Toyota,Hiace,Short - Low,Van,LYL-669,2000,450000,Manual,Diesel,Rear wheel,3980,0.0,,,,Seller,Sastamala,Pirkanmaa
15367104.html,Mercedes-Benz,A,Hatchback,Car,SMB-228,2017,317000,Manual,Diesel,Front wheel,6990,4.0,,,,Seller,Pietarsaari,Pohjanmaa
15360049.html,Seat,Ibiza,Hatchback,Car,SOJ-642,2018,205000,Manual,Gas,Front wheel,5900,4.9,88,Saka Finland Oy Raisio,Turku,Dealer,Turku,Varsinais-Suomi
15362395.html,Volkswagen,Golf,Station Wagon,Car,KJI-911,2008,440000,Manual,Diesel,Front wheel,2350,0.0,148,,,Seller,Jalasjärvi,Etelä-Pohjanmaa
15359567.html,Opel,Corsa,Hatchback,Car,JEA-977,2000,186000,Manual,Petrol,Front wheel,1000,0.0,,,,Seller,Ilmajoki,Etelä-Pohjanmaa
15374992.html,Chevrolet,Suburban,Normal,Light truck,JUX-85,1994,600000,Automatic,Diesel,Four wheel,6500,0.0,,,,Seller,Lahti,Päijät-Häme
15366556.html,Hyundai,Ioniq Hybrid,Hatchback,Car,BTX-762,2016,122000,Automatic,Hybrid (petrol/electric),Front wheel,12490,3.4,79,Nelipyörä Hyvinkää,Hyvinkää,Dealer,Hyvinkää,Uusimaa
15376616.html,Renault,Clio,Station Wagon,Car,INK-882,2014,166500,Manual,Petrol,Front wheel,5380,4.5,104,J. Rinta-Jouppi Lahti,Lahti,Dealer,Lahti,Päijät-Häme
15371774.html,Mercedes-Benz,Vito,Other,Van,YYI-586,2025,,Automatic,Diesel,Four wheel,73900,9.2,201,Veho Kuopio,Kuopio,Dealer,Kuopio,Pohjois-Savo
15370627.html,BMW,330,Station Wagon,Car,KRM-975,2007,345000,Automatic,Diesel,Rear wheel,6990,0.0,,,,Seller,Vantaa,Uusimaa
15377413.html,Hyundai,Kona,All-terrain SUV,Car,Var-45178,2022,25000,Automatic,Electric,Front wheel,17700,0.0,,Saka Finland Oy Vaasa,Vaasa,Dealer,Vaasa,Pohjanmaa
15367858.html,Ford,Transit,MPV,Car,NMB-837,2021,330000,Automatic,Diesel,Front wheel,36000,0.0,,,,Seller,Toholampi,Keski-Pohjanmaa
15361034.html,Audi,Q7,All-terrain SUV,Car,SJU-7,2008,245000,Automatic,Diesel,Four wheel,10500,9.5,,,,Seller,Joensuu,Pohjois-Karjala
15364983.html,Volkswagen,Passat CC,Coupé,Car,IYU-552,2009,264000,Automatic,Petrol,Front wheel,4999,0.0,199,Aptop Oy,Joensuu,Dealer,Joensuu,Pohjois-Karjala
15374744.html,Honda,Accord,Sedan,Car,EOI-117,2011,205000,Manual,Petrol,Front wheel,8900,7.3,168,Vaihtoautomaa Vantaa,Vantaa,Dealer,Vantaa,Uusimaa
15372006.html,BMW,530,Sedan,Car,HPZ-200,2004,470000,Automatic,Diesel,Rear wheel,2810,0.0,,TMT-Auto,Kuopio,Dealer,Kuopio,Pohjois-Savo
15361833.html,Ford,Focus,Hatchback,Car,MLV-146,2014,75000,Manual,Petrol,Front wheel,8500,5.0,114,"J. Rinta-Jouppi Seinäjoki, Jouppilantie",Seinäjoki,Dealer,Seinäjoki,Etelä-Pohjanmaa
15377332.html,Ford,Focus,Hatchback,Car,UZK-942,2016,259000,Manual,Petrol,Front wheel,6900,5.5,127,Bilar99 - Tampere,Tampere,Dealer,Tampere,Pirkanmaa
15376810.html,Hyundai,i20,Hatchback,Car,NKO-271,2017,93000,Manual,Petrol,Front wheel,10900,4.8,110,KymppiPlus Hyvinkää,Hyvinkää,Dealer,Hyvinkää,Uusimaa
15362257.html,Volkswagen,T-Roc,All-terrain SUV,Car,FNS-380,2019,113000,Automatic,Petrol,Front wheel,21900,5.4,123,K-Auto Airport,Vantaa,Dealer,Vantaa,Uusimaa
15373940.html,Mercedes-Benz,C,Sedan,Car,ZLP-770,2017,89000,Automatic,Petrol,Four wheel,26490,6.8,153,"Rinta-Joupin Autoliike, Turku",Turku,Dealer,Turku,Varsinais-Suomi
15373674.html,Ford,Focus,Station Wagon,Car,KRF-168,2006,321000,Manual,Petrol,Front wheel,1300,7.3,,,,Seller,Pori,Satakunta
15373806.html,Tesla,Model Y,All-terrain SUV,Car,KMX-0016972,2023,55000,Automatic,Electric,Four wheel,38900,0.0,,Kamux Forssa,Forssa,Dealer,Forssa,Kanta-Häme
15365495.html,Mercedes-Benz,A,Hatchback,Car,GOB-735,2020,77000,Automatic,Hybrid (petrol/electric),Front wheel,23800,1.4,25,Kuopion Autokauppa Oy,Kuopio,Dealer,Kuopio,Pohjois-Savo
15359163.html,Subaru,Impreza,Sedan,Car,EUI-433,1997,141000,Manual,Petrol,Four wheel,11500,0.0,,,,Seller,Helsinki,Uusimaa
15359158.html,Toyota,Yaris,Hatchback,Car,AUY-824,2009,265000,Manual,Petrol,Front wheel,3500,0.0,120,,,Seller,Pori,Satakunta
15374167.html,Volkswagen,Amarok,Pickup,Van,BVZ-437,2019,106000,Automatic,Diesel,Four wheel,39900,8.4,220,"Autokeskus Oy, Konala",Helsinki,Dealer,Helsinki,Uusimaa
15358332.html,Mercedes-Benz,GLE,All-terrain SUV,Car,GOY-829,2020,157000,Automatic,Hybrid (diesel/electric),Four wheel,47900,1.0,28,K-Auto Helsinki,Helsinki,Dealer,Helsinki,Uusimaa
15378101.html,BMW,525,Station Wagon,Car,VVL-200,2006,490000,Automatic,Diesel,Rear wheel,5500,0.0,,,,Seller,Vaasa,Pohjanmaa
15358370.html,Mercedes-Benz,C,Station Wagon,Car,XOX-604,2012,282000,Automatic,Diesel,Four wheel,12500,0.0,,,,Seller,Ylikiiminki,Pohjois-Pohjanmaa
15369212.html,Opel,Mokka,All-terrain SUV,Car,KSB-843,2016,149000,Automatic,Diesel,Front wheel,8900,4.9,129,Hedin Automotive Oulu,Oulu,Dealer,Oulu,Pohjois-Pohjanmaa
15369069.html,Volvo,XC60,All-terrain SUV,Car,CRB-362,2022,75000,Automatic,Hybrid (petrol/electric),Four wheel,41800,1.3,24,K-Auto Joensuu,Joensuu,Dealer,Joensuu,Pohjois-Karjala
15378383.html,Peugeot,607,Sedan,Car,EYX-362,2001,352000,Automatic,Petrol,Front wheel,2850,0.0,245,,,Seller,Kouvola,Kymenlaakso
15372802.html,Skoda,Superb,Station Wagon,Car,GOK-625,2021,98000,Automatic,Hybrid (petrol/electric),Front wheel,23990,1.4,31,"Autokeskus Oy, Airport",Vantaa,Dealer,Vantaa,Uusimaa
15361991.html,Volkswagen,Crafter,Semilong - Semihigh,Van,YIA-380,2007,385000,Manual,Diesel,Rear wheel,2900,0.0,,,,Seller,Keitele,Pohjois-Savo
15358888.html,Mercedes-Benz,C,Sedan,Car,TZJ-467,2001,266000,Automatic,Petrol,Rear wheel,1900,0.0,,,,Seller,Hämeenlinna,Kanta-Häme
15377285.html,Kia,EV4,Hatchback,Car,IST-873,2026,1,Automatic,Electric,Front wheel,46519,0.0,,"Wetteri Kajaani, Syväojankatu",Kajaani,Dealer,Kajaani,Kainuu
15365844.html,BMW,523,Sedan,Car,JGR-488,1996,,Automatic,Petrol,Rear wheel,3850,0.0,,,,Seller,Kouvola,Kymenlaakso
15368028.html,Volkswagen,Passat,Sedan,Car,LYO-150,2001,200000,Manual,Petrol,Front wheel,1700,0.0,,,,Seller,Leppävirta,Pohjois-Savo
15373071.html,Toyota,Avensis,Sedan,Car,VPG-764,2005,207000,Manual,Petrol,Front wheel,5390,7.2,171,Kamux Järvenpää,Järvenpää,Dealer,Järvenpää,Uusimaa
15364915.html,Honda,Accord,Sedan,Car,YGH-676,2006,417000,Manual,Diesel,Front wheel,2200,4.5,145,,,Seller,Nurmijärvi,Uusimaa
15364259.html,Volvo,XC60,All-terrain SUV,Car,YXO-383,2017,237000,Automatic,Diesel,Four wheel,21780,5.7,149,K-Auto Hyvinkää,Hyvinkää,Dealer,Hyvinkää,Uusimaa
15365763.html,BMW,230,MPV,Car,RVP-215,2023,28300,Automatic,Hybrid (petrol/electric),Four wheel,38900,0.8,15,Hedin Automotive Oulu,Oulu,Dealer,Oulu,Pohjois-Pohjanmaa
15362439.html,Hyundai,i30,Station Wagon,Car,MPV-333,2024,22000,Manual,Petrol,Front wheel,22880,7.0,141,Auto Bassadone Vantaa,Vantaa,Dealer,Vantaa,Uusimaa
15376059.html,Mitsubishi,L200,Pickup,Van,IOK-593,2014,280000,Automatic,Diesel,Four wheel,17990,8.5,225,LänsiAuto Vantaa,Vantaa,Dealer,Vantaa,Uusimaa
15361823.html,Tesla,Model S,Hatchback,Car,IOK-653,2013,388000,Automatic,Electric,Rear wheel,21900,0.0,,,,Seller,Kemi,Lappi
15377072.html,Volvo,XC40,All-terrain SUV,Car,Var-09693,2021,83000,Automatic,Hybrid (petrol/electric),Front wheel,28900,0.0,,Saka Finland Oy Express,Tuusula,Dealer,Tuusula,Uusimaa
15377201.html,BMW,530,Sedan,Car,SPZ-393,2010,250000,Automatic,Diesel,Rear wheel,12490,6.5,173,"K-auto Oulu, Vaihtoautot",Oulu,Dealer,Oulu,Pohjois-Pohjanmaa
15377409.html,Jaguar,XJ8,Sedan,Car,BSY-265,1999,117000,Automatic,Petrol,Rear wheel,7990,0.0,247,SJ auto Oy,Orimattila,Dealer,Orimattila,Päijät-Häme
15362243.html,Ford,Transit,Other,Van,NMM-579,2021,132000,Automatic,Diesel,Front wheel,34900,12.9,234,Wetteri Iisalmi,Iisalmi,Dealer,Iisalmi,Pohjois-Savo
15375517.html,Ford,Focus,Hatchback,Car,OAY-167,2006,132000,Manual,Petrol,Front wheel,3900,6.7,161,,,Seller,Lahti,Päijät-Häme
15364489.html,Skoda,Kamiq,Hatchback,Car,JOM-391,2026,,Automatic,Petrol,Front wheel,31748,6.1,126,"Rinta-Joupin Autoliike, Pori",Pori,Dealer,Pori,Satakunta
15368457.html,Volvo,S70,Sedan,Car,FCS-146,1999,400000,Manual,Petrol,Front wheel,1300,0.0,,,,Seller,Ii,Pohjois-Pohjanmaa
15375456.html,Mercedes-Benz,E,Station Wagon,Car,GKC-780,2006,360000,Automatic,Diesel,Four wheel,6490,0.0,300,Autopalvelu Halonen,Muhos,Dealer,Muhos,Pohjois-Pohjanmaa
15367436.html,BMW,330,Station Wagon,Car,ZPV-888,2025,,Automatic,Hybrid (petrol/electric),Four wheel,58970,1.0,23,BMW Suomi,,Dealer,Vantaa,Uusimaa
15359067.html,BMW,320,Station Wagon,Car,RUP-743,2005,175000,Manual,Petrol,Rear wheel,6290,0.0,182,PP Joensuunauto Oy,Joensuu,Dealer,Joensuu,Pohjois-Karjala
15371630.html,Mitsubishi,Eclipse Cross,All-terrain SUV,Car,LSM-917,2025,5000,Automatic,Hybrid (petrol/electric),Four wheel,39900,2.0,46,Hedin Automotive Hämeenlinna,Hämeenlinna,Dealer,Hämeenlinna,Kanta-Häme
15374253.html,Toyota,C-HR,All-terrain SUV,Car,XOE-165,2017,104648,Automatic,Hybrid (petrol/electric),Front wheel,19490,3.9,87,"AC Auto-Center, Forssa, Toyota",Forssa,Dealer,Forssa,Kanta-Häme
15366180.html,BMW,320,Station Wagon,Car,KVJ-868,2023,158000,Automatic,Hybrid (diesel/electric),Four wheel,34990,6.0,142,Kamux Pori,Pori,Dealer,Pori,Satakunta
15361956.html,Opel,Meriva,MPV,Car,TZH-464,2014,69000,Automatic,Petrol,Front wheel,8900,7.2,169,LänsiAuto Espoo Suomenoja,Espoo,Dealer,Espoo,Uusimaa
15360798.html,Toyota,Previa,MPV,Car,OYO-860,2001,370858,Automatic,Petrol,Front wheel,2800,0.0,,,,Seller,Jämsä,Keski-Suomi
15364345.html,Volkswagen,Tiguan,All-terrain SUV,Car,MZH-755,2022,72000,Automatic,Petrol,Front wheel,29900,7.4,159,Saka Finland Oy Hämeenlinna,Hämeenlinna,Dealer,Hämeenlinna,Kanta-Häme
15364430.html,Mercedes-Benz,C,Coupé,Car,MXG-665,1988,330760,Manual,Petrol,Rear wheel,4300,0.0,,,,Seller,Rovaniemi,Lappi
15369290.html,Nissan,X-Trail,All-terrain SUV,Car,UZZ-475,2017,179000,Automatic,Diesel,Four wheel,18490,6.1,162,Hedin Automotive Hämeenlinna,Hämeenlinna,Dealer,Hämeenlinna,Kanta-Häme
15371525.html,BMW,530,Station Wagon,Car,RSU-793,2010,337000,Automatic,Diesel,Rear wheel,9990,6.3,165,Waloauto Airport,Vantaa,Dealer,Vantaa,Uusimaa
15364362.html,BMW,116,Hatchback,Car,YGU-283,2008,279000,Manual,Petrol,Rear wheel,3900,5.8,139,Saka Finland Oy Tuusula,Tuusula,Dealer,Tuusula,Uusimaa
15359958.html,Audi,A4,Sedan,Car,KIZ-479,1999,330000,Manual,Petrol,Front wheel,1790,0.0,,,,Seller,Oulu,Pohjois-Pohjanmaa
15375529.html,Mercedes-Benz,250,Sedan,Car,EFJ-780,1988,700000,Manual,Diesel,Rear wheel,1234,6.0,,,,Seller,Lempäälä,Pirkanmaa
15368794.html,Ford,Mondeo,Hatchback,Car,EHG-922,2007,365000,Manual,Petrol,Front wheel,2300,0.0,,,,Seller,Alavus,Etelä-Pohjanmaa
15373471.html,Volvo,XC60,All-terrain SUV,Car,HEL-790844,2023,66000,Automatic,Hybrid (petrol/electric),Four wheel,47480,1.0,23,LänsiAuto Helsinki,Helsinki,Dealer,Helsinki,Uusimaa
15361465.html,Cadillac,62-series,Convertible,Car,AVO-47,1947,,Automatic,Petrol,Rear wheel,79000,0.0,,,,Seller,Hyvinkää,Uusimaa
15367132.html,Mazda,CX-30,All-terrain SUV,Car,ISR-403,2025,500,Automatic,Hybrid (petrol/electric),Front wheel,37900,6.5,147,Hedin Automotive Joensuu,Joensuu,Dealer,Joensuu,Pohjois-Karjala
15375746.html,BMW,320,Coupé,Car,OTP-353,1999,369000,Manual,Petrol,Rear wheel,4500,0.0,,,,Seller,Ylivieska,Pohjois-Pohjanmaa
15377794.html,Audi,Q5,All-terrain SUV,Car,LOP-788,2018,217000,Automatic,Diesel,Four wheel,23900,5.0,132,Hedin Automotive BMW Kuopio,Kuopio,Dealer,Kuopio,Pohjois-Savo
15375050.html,Ford,Mondeo,Hatchback,Car,ZLJ-331,2017,255000,Automatic,Diesel,Front wheel,10900,4.8,124,Kamux Järvenpää,Järvenpää,Dealer,Järvenpää,Uusimaa
15373351.html,Citroen,C4,Hatchback,Car,UHG-147,2010,156000,Automatic,Petrol,Front wheel,3890,7.0,165,Cardeal Group,Tampere,Dealer,Ylöjärvi,Pirkanmaa
15369820.html,Seat,Ateca,All-terrain SUV,Car,SMA-351,2017,172000,Automatic,Petrol,Front wheel,16000,0.0,,,,Seller,Ilmajoki,Etelä-Pohjanmaa
15360527.html,Opel,Vivaro,Long - Low,Van,YHC-438,2008,280000,Manual,Diesel,Front wheel,8400,8.7,229,Autoliike T Kaarlela,Ylivieska,Dealer,Ylivieska,Pohjois-Pohjanmaa
15375500.html,Nissan,Navara,Pickup,Van,GMZ-348,2008,330000,Manual,Diesel,Four wheel,4500,0.0,,,,Seller,Varkaus,Pohjois-Savo
15373248.html,Seat,Leon,Hatchback,Car,VXS-585,2015,119000,Automatic,Petrol,Front wheel,21490,6.6,154,KIESI Espoo Koskelo,Espoo,Dealer,Espoo,Uusimaa
15376448.html,Buick,Riviera,Coupé,Car,,1965,,Automatic,Gas,Rear wheel,16000,0.0,,,,Seller,,Outside Finland
15372034.html,Volkswagen,Polo,Hatchback,Car,VXM-472,2014,200000,Manual,Diesel,Front wheel,5900,3.4,88,Kamux Salo,Salo,Dealer,Salo,Varsinais-Suomi
15370198.html,Mazda,3,Hatchback,Car,EOS-639,2020,110000,Automatic,Hybrid (petrol/electric),Front wheel,18900,6.5,148,YR-Auto Oy,Tuusula,Dealer,Tuusula,Uusimaa
15378243.html,Volkswagen,Golf,Hatchback,Car,VJZ-823,2010,247000,Manual,Petrol,Front wheel,3900,0.0,121,,,Seller,Tervajoki,Pohjanmaa
15361373.html,BMW,328,Racing vehicle,Car,ABC-135,2000,,Manual,E85/petrol,Rear wheel,14900,0.0,,,,Seller,Tyrnävä,Pohjois-Pohjanmaa
15374203.html,Skoda,Kamiq,Hatchback,Car,JNA-251,2023,44349,Automatic,Petrol,Front wheel,22880,6.7,133,"Rinta-Joupin Autoliike, Vaasa",Vaasa,Dealer,Vaasa,Pohjanmaa
15359678.html,Mercedes-Benz,Sprinter,Extension cabin,Light truck,GRI-907,2024,54000,Automatic,Diesel,Rear wheel,82900,0.0,283,"Rinta-Joupin Autoliike, Ylivieska",Ylivieska,Dealer,Ylivieska,Pohjois-Pohjanmaa
15359689.html,Mercedes-Benz,GLK,All-terrain SUV,Car,LRZ-946,2013,189000,Automatic,Diesel,Four wheel,23990,6.9,179,Saka Finland Oy Joensuu,Joensuu,Dealer,Joensuu,Pohjois-Karjala
15372399.html,Opel,Mokka,All-terrain SUV,Car,CNI-649,2019,60000,Automatic,Petrol,Front wheel,15990,8.1,176,Timosen Auto Oy,Joensuu,Dealer,Joensuu,Pohjois-Karjala
15360843.html,Saab,9-3,Station Wagon,Car,CGK-788,2007,264678,Manual,Petrol,Front wheel,2999,10.0,197,,,Seller,Iisalmi,Pohjois-Savo
15362169.html,Ford,Mondeo,Station Wagon,Car,BSM-883,2015,198000,Automatic,Diesel,Front wheel,11900,4.9,128,J. Rinta-Jouppi Kotka,Kotka,Dealer,Kotka,Kymenlaakso
15366828.html,Audi,A6,Sedan,Car,IJB-299,2002,290000,Automatic,Petrol,Four wheel,2900,0.0,,,,Seller,Espoo,Uusimaa
15362907.html,Toyota,Corolla,Station Wagon,Car,OZH-598,2022,74000,Automatic,Hybrid (petrol/electric),Front wheel,22720,5.0,103,Kamux Oy Helsinki Herttoniemi,Helsinki,Dealer,Helsinki,Uusimaa
15369691.html,Volvo,V60,Station Wagon,Car,XVU-896,2013,251000,Automatic,Hybrid (diesel/electric),Four wheel,11290,1.8,48,Kamux Malmi,Helsinki,Dealer,Helsinki,Uusimaa
15364684.html,Kia,EV4,Other,Car,ISV-314,2026,1,Automatic,Electric,Front wheel,46519,0.0,,Wetteri Vaihtoautokeskus,Rovaniemi,Dealer,Rovaniemi,Lappi
15368276.html,Volkswagen,Polo,Hatchback,Car,LPP-307,2021,86000,Automatic,Petrol,Front wheel,14890,5.8,128,Kamux Espoo Koskelo,Espoo,Dealer,Espoo,Uusimaa
15376065.html,Volvo,XC60,All-terrain SUV,Car,NKU-595,2015,313000,Manual,Diesel,Front wheel,11500,0.0,117,,,Seller,Mikkeli,Etelä-Savo
15362018.html,Mercedes-Benz,Sprinter,MPV,Car,ISH-476,2025,3000,Automatic,Diesel,Rear wheel,119000,0.0,280,Veho Kouvola,Kouvola,Dealer,Kouvola,Kymenlaakso
15364648.html,Suzuki,Grand Vitara,All-terrain SUV,Car,GLF-715,2006,252300,Automatic,Petrol,Four wheel,3750,0.0,,,,Seller,Vehmersalmi,Pohjois-Savo
15376270.html,Ford,Focus,Hatchback,Car,YVL-889,2008,218000,Manual,Petrol,Front wheel,3450,0.0,159,Akaan Auto-Center Oy,Akaa,Dealer,Akaa,Pirkanmaa
15368496.html,Polestar,2,Hatchback,Car,HEL-019422,2021,96000,Automatic,Electric,Four wheel,29390,0.0,,LänsiAuto Helsinki,Helsinki,Dealer,Helsinki,Uusimaa
15365854.html,Ford,Transit Custom,Long - Low,Van,NNM-811,2024,49000,Automatic,Diesel,Four wheel,57900,9.6,224,Kamux Worx Jyväskylä Hyötyautot,Jyväskylä,Dealer,Jyväskylä,Keski-Suomi
15370644.html,Mercedes-Benz,250,Sedan,Car,CXA-3,1986,207500,Automatic,Diesel,Rear wheel,11900,0.0,,,,Seller,Tampere,Pirkanmaa
15371837.html,Volkswagen,Transporter,Other,Van,H014521,2018,177000,Manual,Diesel,Four wheel,22900,6.7,176,J. Rinta-Jouppi Kuopio,Kuopio,Dealer,Kuopio,Pohjois-Savo
15374705.html,Ford,Mondeo,Coupé,Car,BYH-302,2000,276000,Manual,Petrol,Front wheel,1650,0.0,,,,Seller,Nokia,Pirkanmaa
15374608.html,Mercedes-Benz,C,Station Wagon,Car,GPI-362,2017,211000,Automatic,Diesel,Four wheel,23400,5.2,129,Saka Finland Oy Oulu,Oulu,Dealer,Oulu,Pohjois-Pohjanmaa
15363863.html,BMW,116,Hatchback,Car,CHG-767,2009,210000,Manual,Petrol,Rear wheel,4800,0.0,143,,,Seller,Tampere,Pirkanmaa
15361857.html,Volkswagen,Tiguan Allspace,All-terrain SUV,Car,ETH-186,2020,73000,Automatic,Petrol,Front wheel,33800,7.9,169,Arton Auto,Tervajoki,Dealer,Tervajoki,Pohjanmaa
15366651.html,Alfa Romeo,156,Sedan,Car,CXZ-907,2004,261500,Manual,Petrol,Front wheel,2000,0.0,,,,Seller,Jyväskylä,Keski-Suomi
15369498.html,BMW,i4,Sedan,Car,KUO-485,2022,72000,Automatic,Electric,Rear wheel,38900,0.0,,Future Store Drivalia,Vantaa,Dealer,Vantaa,Uusimaa
15366855.html,Opel,Corsa,Hatchback,Car,ZMN-336,2019,41000,Manual,Petrol,Front wheel,10850,7.0,146,Seinäjoen Auto-Kaari Oy,Seinäjoki,Dealer,Seinäjoki,Etelä-Pohjanmaa
15364602.html,Volvo,V60,Station Wagon,Car,SPT-368,2020,100000,Automatic,Diesel,Front wheel,26980,5.6,146,LänsiAuto Hämeenlinna,Hämeenlinna,Dealer,Hämeenlinna,Kanta-Häme
15377165.html,Volkswagen,Transporter,Long - Semihigh,Van,BER861,2018,135900,Automatic,Diesel,Front wheel,18900,6.2,161,Auto-Heikkilä Oy,Alahärmä,Dealer,Alahärmä,Etelä-Pohjanmaa
15361650.html,Mercedes-Benz,E,Sedan,Car,EKI-978,2001,399000,Automatic,Diesel,Rear wheel,3000,0.0,,,,Seller,Mikkeli,Etelä-Savo
15377213.html,Volkswagen,Passat,Station Wagon,Car,RPX-447,2013,335000,Automatic,Diesel,Front wheel,5890,5.2,135,K-Auto Lahti,Lahti,Dealer,Lahti,Päijät-Häme
15363111.html,BMW,X5,All-terrain SUV,Car,YKN-484,2016,176000,Automatic,Hybrid (petrol/electric),Four wheel,24900,3.4,78,"Rinta-Joupin Autoliike, Espoo",Espoo,Dealer,Espoo,Uusimaa
15358272.html,Ford,Focus,Station Wagon,Car,KUA-958,2021,96000,Automatic,Petrol,Front wheel,15390,6.8,137,LänsiAuto Lahti,Lahti,Dealer,Lahti,Päijät-Häme
15360472.html,Vauxhall,Velox,Sedan,Car,TH-224,1952,,Manual,Petrol,Rear wheel,2800,0.0,,,,Seller,Kauhava,Etelä-Pohjanmaa
15365233.html,Ford,Focus,Station Wagon,Car,BXA-901,2019,56000,Automatic,Petrol,Front wheel,15490,7.7,153,Auto Bassadone Helsinki,Helsinki,Dealer,Helsinki,Uusimaa
15361929.html,Hyundai,i30,Hatchback,Car,SNE-646,2013,180000,Manual,Petrol,Front wheel,7900,5.0,118,K-Auto Tampere,Tampere,Dealer,Tampere,Pirkanmaa
15369167.html,Kia,Rio,Hatchback,Car,OVC-571,2016,50000,Manual,Petrol,Front wheel,9900,4.7,109,Käyttöauto Oy Rauma,Rauma,Dealer,Rauma,Satakunta
15367127.html,Toyota,Avensis,Station Wagon,Car,LMC-137,2013,236000,Manual,Petrol,Front wheel,8650,6.5,151,Autotalo Sollo Oy,Lappeenranta,Dealer,Lappeenranta,Etelä-Karjala
15371177.html,Mercedes-Benz,180,Sedan,Car,AYY-101,2001,315000,Manual,Petrol,Rear wheel,2200,0.0,,,,Seller,Rovaniemi,Lappi
15371528.html,Polestar,2,Other,Car,HYV-063251,2023,39600,Automatic,Electric,Front wheel,28890,0.0,,LänsiAuto Hyvinkää,Hyvinkää,Dealer,Hyvinkää,Uusimaa
15371662.html,BMW,320 Gran Turismo,Other,Car,LNR-219,2017,162700,Automatic,Diesel,Four wheel,17990,4.7,124,"Autokeskus Oy, Raisio",Raisio,Dealer,Raisio,Varsinais-Suomi
15359669.html,Seat,Leon,Hatchback,Car,ENZ-523,2014,214000,Manual,Petrol,Front wheel,14990,6.6,154,Saka Finland Oy Nummela,Nummela,Dealer,Nummela,Uusimaa
15374651.html,Volkswagen,Jetta,Sedan,Car,VVZ-724,2011,345000,Manual,Diesel,Front wheel,4490,0.0,,Venture Car Center Oy,Kempele,Dealer,Kempele,Pohjois-Pohjanmaa
15372595.html,Land Rover,Range Rover Sport,All-terrain SUV,Car,CLU-927,2010,285125,Automatic,Diesel,Four wheel,12500,0.0,,,,Seller,Kajaani,Kainuu
15377600.html,Kia,Niro,Station Wagon,Car,TA-456531,2021,57000,Automatic,Hybrid (petrol/electric),Front wheel,23900,1.3,31,Carstore Vantaa,Vantaa,Dealer,Vantaa,Uusimaa
15370008.html,Volvo,XC90,All-terrain SUV,Car,GRI-987,2019,150000,Automatic,Diesel,Four wheel,48900,0.0,209,Autosalpa Kouvola,Kouvola,Dealer,Kouvola,Kymenlaakso
15363739.html,Audi,200,Sedan,Car,SNB-569,1990,314,Manual,Petrol,Four wheel,12900,0.0,,,,Seller,Kempele,Pohjois-Pohjanmaa
15375832.html,Audi,A6,Station Wagon,Car,HNF-550,2004,370000,Automatic,Petrol,Four wheel,1300,0.0,,,,Seller,Tampere,Pirkanmaa
15362140.html,BMW,330,Station Wagon,Car,GNA-584,2010,469000,Automatic,Diesel,Rear wheel,4400,7.0,,,,Seller,Muurame,Keski-Suomi
15362023.html,Toyota,Yaris,Hatchback,Car,ION-571,2016,70000,Manual,Petrol,Front wheel,11790,5.1,119,K-Auto Huittinen,Huittinen,Dealer,Huittinen,Satakunta
15377340.html,Volvo,V90,Station Wagon,Car,IPB-562,2019,302000,Automatic,Diesel,Four wheel,19400,6.6,172,Bilar99 - Tampere,Tampere,Dealer,Tampere,Pirkanmaa
15377886.html,BMW,320,Station Wagon,Car,CMI-871,2016,197500,Automatic,Diesel,Four wheel,18870,4.9,129,KymppiPlus Raisio,Turku,Dealer,Turku,Varsinais-Suomi
15374359.html,Volvo,V90,Station Wagon,Car,FRO-546,2020,150000,Automatic,Hybrid (petrol/electric),Four wheel,26900,2.0,46,Bilar99 - Helsinki,Helsinki,Dealer,Helsinki,Uusimaa
15372292.html,BMW,320,Sedan,Car,MME-647,2009,168000,Automatic,Diesel,Rear wheel,11990,5.4,144,SH Autotalo Oy,Kangasala,Dealer,Kangasala,Pirkanmaa
15362422.html,Volkswagen,Tiguan,All-terrain SUV,Car,ISP-865,2025,,Automatic,Hybrid (petrol/electric),Front wheel,49006,0.5,9,K-Auto Kouvola,Kouvola,Dealer,Kouvola,Kymenlaakso
15363921.html,Jeep,Grand Cherokee,All-terrain SUV,Car,FKX-801,2003,473000,Automatic,Diesel,Four wheel,4000,0.0,,,,Seller,Iisalmi,Pohjois-Savo
15359550.html,Citroen,C4,Hatchback,Car,ISR-249,2025,,Automatic,Hybrid (petrol/electric),Front wheel,32900,5.5,106,Savilahden Auto Oy,Mikkeli,Dealer,Mikkeli,Etelä-Savo
15376411.html,Skoda,Octavia,Hatchback,Car,UKF-838,2010,311113,Manual,Diesel,Front wheel,4000,0.0,119,,,Seller,Raisio,Varsinais-Suomi
15376730.html,Toyota,Avensis,Station Wagon,Car,HLI-276,2008,189000,Manual,Petrol,Front wheel,8990,7.2,172,"Autokeskus Oy, Raisio",Raisio,Dealer,Raisio,Varsinais-Suomi
15371222.html,Volvo,V70,Station Wagon,Car,IHU-799,2009,274000,Automatic,Diesel,Front wheel,8000,0.0,199,,,Seller,Säkylä,Satakunta
15378039.html,Audi,A4,Sedan,Car,JMJ-231,2021,110000,Automatic,Petrol,Four wheel,28800,0.0,146,Autosalpa Lahti,Lahti,Dealer,Lahti,Päijät-Häme
15361374.html,Plymouth,Cuda,Coupé,Car,NM-930,1971,145000,Automatic,Petrol,Rear wheel,49000,0.0,,,,Seller,Vantaa,Uusimaa
15371312.html,Renault,Trafic,Other,Van,IZH-557,2020,106055,Automatic,Diesel,Front wheel,23800,0.0,,,,Seller,Pälkäne,Pirkanmaa
15365933.html,Mercedes-Benz,Sprinter,Other,Van,GOJ-484,2020,67000,Automatic,Diesel,Front wheel,33800,10.8,234,"J. Rinta-Jouppi Seinäjoki, Jouppilantie",Seinäjoki,Dealer,Seinäjoki,Etelä-Pohjanmaa
15365950.html,Toyota,Corolla,Sedan,Car,XOU-266,2018,77000,Automatic,Petrol,Front wheel,20900,5.6,129,Saka Finland Oy Lappeenranta,Lappeenranta,Dealer,Lappeenranta,Etelä-Karjala
15372515.html,Mercedes-Benz,CLA,Coupé,Car,YIP-140,2014,170000,Manual,Petrol,Front wheel,14980,5.0,117,"Rinta-Joupin Autoliike, Pori",Pori,Dealer,Pori,Satakunta
15373595.html,BMW,530,Sedan,Car,EJZ-264,2010,312000,Automatic,Diesel,Rear wheel,10480,0.0,160,TKC-Automyynti,Kerava,Dealer,Kerava,Uusimaa
15377975.html,Polestar,4,Other,Car,GRH-579,2025,6500,Automatic,Electric,Four wheel,64900,0.0,,Käyttöauto Oy Tampere,Tampere,Dealer,Tampere,Pirkanmaa
15376444.html,Volkswagen,Kupla,Other,Car,,1972,,Manual,Petrol,Rear wheel,2000,0.0,,,,Seller,Turku,Varsinais-Suomi
15365655.html,Opel,Insignia,Hatchback,Car,SKN-908,2013,112000,Manual,Petrol,Front wheel,8790,5.7,134,Kamux Kaarina,Kaarina,Dealer,Kaarina,Varsinais-Suomi
15375919.html,Peugeot,308,Station Wagon,Car,XRY-703,2011,138000,Manual,Petrol,Front wheel,3900,6.7,155,,,Seller,Vantaa,Uusimaa
15376865.html,Ford,Mondeo,Sedan,Car,OSI-674,2005,220500,Manual,Petrol,Front wheel,1500,7.5,179,"Rinta-Joupin Autoliike, Vaasa",Vaasa,Dealer,Vaasa,Pohjanmaa
15369209.html,Peugeot,406,Sedan,Car,EIA-257,1997,231000,Manual,Petrol,Front wheel,1100,0.0,,,,Seller,Pori,Satakunta
15370280.html,Kia,Ceed,MPV,Car,KOG-938,2007,216000,Manual,Petrol,Front wheel,2890,6.4,152,Diilix Oy,Raisio,Dealer,Raisio,Varsinais-Suomi
15364003.html,Volkswagen,Passat,Station Wagon,Car,XPP-581,2018,153000,Automatic,Hybrid (petrol/electric),Front wheel,14770,1.7,38,LänsiAuto Tampere,Tampere,Dealer,Tampere,Pirkanmaa
15373377.html,BMW,318,Station Wagon,Car,VTZ-731,2011,285000,Manual,Diesel,Rear wheel,5900,0.0,,,,Seller,Lempäälä,Pirkanmaa
15363961.html,Volvo,S80,Sedan,Car,IGX-150,2000,386000,Automatic,Petrol,Front wheel,1300,0.0,228,,,Seller,Tampere,Pirkanmaa
15374177.html,Peugeot,2008,Hatchback,Car,FLE-541,2013,150000,Manual,Petrol,Front wheel,5750,4.9,114,Menoauto Imatra,Imatra,Dealer,Imatra,Etelä-Karjala
15369741.html,Volkswagen,T-Cross,Other,Car,CPR-357,2022,46772,Automatic,Petrol,Front wheel,20900,6.3,142,Pörhön Autoliike Pietarsaari,Pietarsaari,Dealer,Pietarsaari,Pohjanmaa
15375066.html,Volvo,V70,Station Wagon,Car,LSF-201,2003,395000,Automatic,Petrol,Front wheel,2950,0.0,,,,Seller,Kemi,Lappi
15372742.html,Toyota,Verso,MPV,Car,FMR-738,2017,111000,Manual,Petrol,Front wheel,19890,6.7,155,Kamux Worx Jyväskylä Hyötyautot,Jyväskylä,Dealer,Jyväskylä,Keski-Suomi
15375257.html,Citroen,C3 Picasso,MPV,Car,FKP-568,2012,95000,Automatic,Diesel,Front wheel,6190,4.8,112,,,Seller,Loimaa,Varsinais-Suomi
15361731.html,Muu merkki,Muu malli,Other,Car,ZPK-559,2025,10000,Automatic,Petrol,Four wheel,59800,2.2,49,K-Auto Turku,Turku,Dealer,Turku,Varsinais-Suomi
15370923.html,Mercedes-Benz,Citan,Long - Low,Van,RRR-343,2013,210000,Manual,Diesel,Front wheel,7995,4.7,123,AUTO PAIKKA,Helsinki,Dealer,Helsinki,Uusimaa
15360818.html,Opel,Vectra,Hatchback,Car,GIJ-160,2008,332000,Manual,Diesel,Front wheel,2400,0.0,154,,,Seller,Lapua,Etelä-Pohjanmaa
15358937.html,Toyota,Crown,Sedan,Car,OUB-391,2008,220000,Automatic,Hybrid (petrol/electric),Rear wheel,13990,0.0,,AutoKolme Oy,Espoo,Dealer,Espoo,Uusimaa
15374868.html,BMW,530,Sedan,Car,JGH-286,2004,503457,Automatic,Diesel,Rear wheel,5490,0.0,204,,,Seller,Mynämäki,Varsinais-Suomi
15370473.html,Nissan,Qashqai,All-terrain SUV,Car,IJV-978,2011,240000,Manual,Petrol,Front wheel,5400,5.9,139,"Rinta-Joupin Autoliike, Porvoo",Porvoo,Dealer,Porvoo,Uusimaa
15376881.html,Kia,Ceed,Hatchback,Car,JIG-297,2008,293000,Manual,Diesel,Front wheel,2470,4.7,125,KymppiPlus Lempäälä,Lempäälä,Dealer,Lempäälä,Pirkanmaa
15361317.html,Chrysler,300C,Station Wagon,Car,UHG-665,2007,342000,Automatic,Diesel,Rear wheel,4800,0.0,,,,Seller,Tornio,Lappi
15369324.html,Audi,e-tron,All-terrain SUV,Car,368E4F7C,2022,66000,Automatic,Electric,Four wheel,43850,0.0,,Oulun DM-Auto Oy,Kempele,Dealer,Kempele,Pohjois-Pohjanmaa
15364173.html,Mercedes-Benz,Sprinter,MPV,Car,ETV-938,2022,340000,Automatic,Diesel,Rear wheel,52800,0.0,270,Work Cars Jyväskylä,Jyväskylä,Dealer,Jyväskylä,Keski-Suomi
15376451.html,Volvo,V90,Station Wagon,Car,Var-92458,2023,138000,Automatic,Hybrid (petrol/electric),Four wheel,31490,0.0,,Saka Finland Oy Porvoo,Porvoo,Dealer,Porvoo,Uusimaa
15378360.html,Jaguar,XJ6,Sedan,Car,EHR-642,1985,228900,Automatic,Petrol,Rear wheel,6800,0.0,,Tyrvään Auto ja Kone,Sastamala,Dealer,Sastamala,Pirkanmaa
15366867.html,Skoda,Octavia,Hatchback,Car,SKN-254,2012,280000,Automatic,Diesel,Front wheel,5500,5.3,138,"J. Rinta-Jouppi Seinäjoki, Jouppilantie",Seinäjoki,Dealer,Seinäjoki,Etelä-Pohjanmaa
15363056.html,Volkswagen,Transporter,Long - Low,Van,CKK-664,2017,195000,Manual,Diesel,Front wheel,15800,6.2,162,K-Auto PRO Petikko,Vantaa,Dealer,Vantaa,Uusimaa
15368145.html,Mercedes-Benz,Vito,Other,Van,JOM-422,2025,11,Automatic,Diesel,Four wheel,74322,9.2,201,Veho Rovaniemi,Rovaniemi,Dealer,Rovaniemi,Lappi
15375335.html,Opel,Vectra,Station Wagon,Car,AVI-106,2007,300701,Automatic,Petrol,Front wheel,1300,0.0,,,,Seller,Porvoo,Uusimaa
15368498.html,Toyota,Avensis,Sedan,Car,UIX-124,2001,296000,Manual,Petrol,Front wheel,1280,7.1,170,Autotalo Leppiniemi Oy,Lempäälä,Dealer,Lempäälä,Pirkanmaa
15377714.html,Hyundai,H1 Van,Long - Semihigh,Van,SAI-489,2005,290000,Manual,Diesel,Rear wheel,1900,0.0,,,,Seller,Kuusankoski,Kymenlaakso
15363930.html,BMW,520,Station Wagon,Car,UNG-568,2008,268000,Automatic,Diesel,Rear wheel,8900,0.0,154,,,Seller,Turku,Varsinais-Suomi
15375530.html,BMW,X3,All-terrain SUV,Car,FME-234,2014,182000,Automatic,Diesel,Four wheel,23900,0.0,,,,Seller,Asikkala,Päijät-Häme
15364343.html,Volvo,V50,Station Wagon,Car,LLI-271,2005,290000,Manual,Petrol,Front wheel,1990,0.0,174,BilBox Oy,Tampere,Dealer,Tampere,Pirkanmaa
15360451.html,BMW,530 Gran Turismo,Hatchback,Car,THZ-592,2010,425000,Automatic,Diesel,Rear wheel,6890,6.5,173,TT Car Center Oy,Lahti,Dealer,Lahti,Päijät-Häme
15377411.html,Skoda,Enyaq,All-terrain SUV,Car,MOP-356,2022,37000,Automatic,Electric,Rear wheel,36900,0.0,,Wetteri Vaihtoautokeskus,Rovaniemi,Dealer,Rovaniemi,Lappi
15374230.html,Volkswagen,Passat,Station Wagon,Car,NMA-789,2018,294000,Automatic,Diesel,Four wheel,12890,5.1,135,Kamux Joensuu,Joensuu,Dealer,Joensuu,Pohjois-Karjala
15370746.html,Skoda,Octavia,Hatchback,Car,XMN-661,2013,276000,Manual,Petrol,Front wheel,3600,0.0,134,,,Seller,Kuopio,Pohjois-Savo
15374783.html,Volvo,XC60,All-terrain SUV,Car,CIH-357,2012,283000,Automatic,Diesel,Four wheel,12800,0.0,179,,,Seller,Hämeenkyrö,Pirkanmaa
15377218.html,Volkswagen,Passat,Station Wagon,Car,Var-29822,2020,185000,Automatic,Diesel,Four wheel,23900,6.8,160,Saka Finland Oy Espoo Niittykumpu,Espoo,Dealer,Espoo,Uusimaa
15367652.html,Toyota,RAV4 Plug-In,All-terrain SUV,Car,ESN-763,2020,91000,Automatic,Hybrid (petrol/electric),Four wheel,33900,0.9,22,Bilar99 - Kuopio,Kuopio,Dealer,Kuopio,Pohjois-Savo
15373535.html,Volkswagen,Golf,Hatchback,Car,KTH-404,2018,188000,Automatic,Petrol,Four wheel,32880,0.0,163,TKC-Automyynti,Kerava,Dealer,Kerava,Uusimaa
15366705.html,Volkswagen,Golf,Hatchback,Car,ZMA-294,2018,58000,Automatic,Petrol,Front wheel,16840,4.7,108,K-Auto Airport,Vantaa,Dealer,Vantaa,Uusimaa
15360872.html,Toyota,Aygo,Hatchback,Car,MHI 565,2006,211000,Manual,Petrol,Front wheel,2100,0.0,,,,Seller,Hämeenkyrö,Pirkanmaa
15374141.html,Volkswagen,ID.4,All-terrain SUV,Car,GOT-694,2021,117000,Automatic,Electric,Rear wheel,25490,0.0,,Kamux Raisio,Turku,Dealer,Turku,Varsinais-Suomi
15372277.html,Renault,Megane,Station Wagon,Car,CJA-959,2013,148000,Manual,Petrol,Front wheel,6490,5.3,119,Autolle.com Vantaa,Vantaa,Dealer,Vantaa,Uusimaa
15359625.html,Mazda,5,MPV,Car,UXZ-511,2006,190000,Manual,Petrol,Front wheel,1700,7.5,,,,Seller,Espoo,Uusimaa
15375933.html,Seat,Alhambra,MPV,Car,SAZ-508,2009,353000,Manual,Diesel,Front wheel,2750,0.0,175,,,Seller,Hämeenlinna,Kanta-Häme
15373743.html,Mercedes-Benz,600,Sedan,Car,,1992,301000,Automatic,Petrol,Rear wheel,9300,0.0,,,,Seller,Raisio,Varsinais-Suomi
15367554.html,Audi,A3,Hatchback,Car,GGV-301,2006,331200,Manual,Petrol,Front wheel,1920,7.0,,,,Seller,Ähtäri,Etelä-Pohjanmaa
15377825.html,Skoda,Superb,Station Wagon,Car,GKI-895,2012,302000,Automatic,Diesel,Front wheel,5900,6.1,159,Saka Finland Oy Kuopio,Kuopio,Dealer,Kuopio,Pohjois-Savo
15377506.html,Mercedes-Benz,C,Station Wagon,Car,XSL-363,2016,262000,Automatic,Diesel,Rear wheel,17900,0.0,,Enter Auto Oy,Lieto,Dealer,Lieto,Varsinais-Suomi
15362654.html,Volkswagen,Passat,Station Wagon,Car,NLT-525,2020,211000,Automatic,Diesel,Front wheel,17490,5.9,141,K-Auto Lahti,Lahti,Dealer,Lahti,Päijät-Häme
15374593.html,Skoda,Fabia,Station Wagon,Car,JFO-166,2004,169000,Manual,Diesel,Front wheel,2250,0.0,,,,Seller,Juva,Etelä-Savo
15373266.html,Mercedes-Benz,C 43 AMG,Sedan,Car,RUO-1,2017,172000,Automatic,Petrol,Four wheel,44890,8.0,183,Auto7,Tuusula,Dealer,Tuusula,Uusimaa
15375287.html,BMW,318,Sedan,Car,ZXY-537,2008,298000,Manual,Petrol,Rear wheel,4000,7.5,,,,Seller,Nokia,Pirkanmaa
15377394.html,Toyota,Auris,Hatchback,Car,IZI-722,2015,210000,Automatic,Hybrid (petrol/electric),Front wheel,12790,3.6,83,Waloauto Airport,Vantaa,Dealer,Vantaa,Uusimaa
15370981.html,Skoda,Octavia,Station Wagon,Car,CHG-737,2009,345000,Manual,Petrol,Front wheel,2850,0.0,148,,,Seller,Luumäki,Etelä-Karjala
15361207.html,BMW,320,Sedan,Car,RRR-410,2014,340000,Automatic,Diesel,Four wheel,12690,5.5,122,Rahoitustie,Lappeenranta,Dealer,Ilmajoki,Etelä-Pohjanmaa
15370153.html,Renault,Talisman,Station Wagon,Car,MNB-683,2018,146600,Automatic,Diesel,Front wheel,12500,0.0,99,,,Seller,Espoo,Uusimaa
15376025.html,Mercedes-Benz,Vito,Middle long - Low,Van,ROZ-606,2005,350000,Manual,Diesel,Rear wheel,3999,0.0,,,,Seller,Oulu,Pohjois-Pohjanmaa
15372636.html,Audi,A4 Allroad,Station Wagon,Car,KNL-643,2015,202000,Automatic,Diesel,Four wheel,16800,5.6,149,K-Auto Airport,Vantaa,Dealer,Vantaa,Uusimaa
15360983.html,Volvo,S40,Hatchback,Car,BVI-975,2007,326000,Manual,Petrol,Front wheel,1000,0.0,,,,Seller,Rovaniemi,Lappi
15360497.html,Skoda,Fabia,Hatchback,Car,RVF-695,2007,376000,Manual,Diesel,Front wheel,2350,6.5,143,,,Seller,Tampere,Pirkanmaa
15374079.html,Audi,A6,Station Wagon,Car,LOU-912,2019,112000,Automatic,Hybrid (diesel/electric),Four wheel,38490,7.3,189,Wetteri Vantaa,Vantaa,Dealer,Vantaa,Uusimaa
15359425.html,Volkswagen,Golf,Station Wagon,Car,SMH-406,2018,189000,Automatic,Diesel,Front wheel,12900,4.1,106,J. Rinta-Jouppi Jyväskylä,Jyväskylä,Dealer,Jyväskylä,Keski-Suomi
15377331.html,Toyota,Aygo X,Hatchback,Car,XRT-364,2023,14704,Automatic,Petrol,Front wheel,18970,5.1,114,"Saimaan Auto-Arita Oy, Lappeenranta",Lappeenranta,Dealer,Lappeenranta,Etelä-Karjala
15361558.html,Honda,Civic,Hatchback,Car,BAY-307,2008,293500,Manual,Petrol,Front wheel,3000,0.0,156,,,Seller,Kajaani,Kainuu
15369289.html,Skoda,Fabia,Hatchback,Car,JIN-737,2017,84512,Manual,Petrol,Front wheel,9890,4.8,108,"Rinta-Joupin Autoliike, Turku",Turku,Dealer,Turku,Varsinais-Suomi
15362775.html,Tesla,Model Y,All-terrain SUV,Car,TA-014654,2022,49000,Automatic,Electric,Four wheel,39900,0.0,,Hedin Automotive Pori,Pori,Dealer,Pori,Satakunta
15360467.html,Cadillac,De Ville,Coupé,Car,OUB-686,1965,,Automatic,Petrol,Rear wheel,15200,0.0,,,,Seller,Joutseno,Etelä-Karjala
15375400.html,Mercedes-Benz,C,Sedan,Car,HAY-500,2008,365599,Automatic,Diesel,Four wheel,6500,0.0,,,,Seller,Muhos,Pohjois-Pohjanmaa
15367319.html,Citroen,C3,Hatchback,Car,BOS-406,2012,191000,Manual,Petrol,Front wheel,3880,6.0,139,"J. Rinta-Jouppi Tampere, Hatanpää",Tampere,Dealer,Tampere,Pirkanmaa
15369553.html,Audi,e-tron,All-terrain SUV,Car,026400,2022,48000,Automatic,Electric,Four wheel,40990,0.0,,K-Auto Tampere,Tampere,Dealer,Tampere,Pirkanmaa
15361200.html,Skoda,Fabia,Hatchback,Car,EVE-291,2024,34000,Manual,Petrol,Front wheel,17990,5.8,113,Hedin Automotive Järvenpää,Järvenpää,Dealer,Järvenpää,Uusimaa
15369092.html,Toyota,Proace City,Other,Van,SPA-572,2020,105214,Manual,Diesel,Front wheel,15970,6.1,140,"Saimaan Auto-Arita Oy, Lappeenranta",Lappeenranta,Dealer,Lappeenranta,Etelä-Karjala
15376284.html,BMW,328 Gran Turismo,Sedan,Car,ILX-512,2015,167000,Automatic,Petrol,Four wheel,18900,6.9,160,J. Rinta-Jouppi Pori,Pori,Dealer,Pori,Satakunta
15360476.html,Mercedes-Benz,C,Station Wagon,Car,XCZ-397,2008,555456,Automatic,Diesel,Rear wheel,4500,0.0,,,,Seller,Alajärvi,Etelä-Pohjanmaa
